Method,fidelity_score,forgetting_efficacy,generalization_score,forget_set_mse,retain_set_mse,test_set_mse,spatial_correlation_divergence,temporal_pattern_divergence
retrain,4.103076568623695,0.24364942099038528,1.0939177570040934,0.3611413240432739,0.361139714717865,0.10044819861650467,0.12272398799594339,0.27159059908846084
finetune,3.949919447098634,0.2541537563401169,1.0305435853752212,0.37873074412345886,0.3787318468093872,0.10662534832954407,0.06173159155495343,0.1054619325041185
neggrad,9.350421444321673e-07,1071049.1686578726,6.926280930913836e-08,1585968.625,1585965.875,1586451.375,0.7149714994443295,0.4691898648377184
neggrad_ft,3.4182459168122095,0.29348028547773625,0.8338287121949917,0.4332684874534607,0.4332678020000458,0.13178014755249023,0.12386494440512592,0.1292768488427701
influence,2.095194694852384e-09,477548970.1195877,1.9530579749214974e-10,705249792.0,705250880.0,562615552.0,0.13455469825099325,0.6031411266863685
fisher,3.572480410170652e-08,27846617.010081746,2.6464131199311604e-09,41483608.0,41483832.0,41521136.0,0.5347403398100595,0.22355934960639118
