Method,fidelity_score,forgetting_efficacy,generalization_score,forget_set_mse,retain_set_mse,test_set_mse,spatial_correlation_divergence,temporal_pattern_divergence
finetune,28.188737643502865,0.03562166558664185,1.0050299563937426,0.06346093118190765,0.06348623335361481,0.028508199378848076,0.0020578532273377577,0.004975666134496293
neggrad,0.007895863836310468,126.22202202650426,0.00012965604712351304,226.21107482910156,226.20970153808594,220.98162841796875,0.20953458356716748,0.05369349051493022
neggrad_ft,26.640732551906954,0.037517331310938706,0.9049193450072306,0.06714049726724625,0.06719941645860672,0.03166204318404198,0.017114538439111857,0.18690793691761265
