Method,fidelity_score,forgetting_efficacy,generalization_score,forget_set_mse,retain_set_mse,test_set_mse,spatial_correlation_divergence,temporal_pattern_divergence
finetune,25.13077578743108,1.4914095887687864,0.26710210107527493,5.249291896820068,0.07342580705881119,0.41138604283332825,0.13336990330037607,0.3006031401719817
neggrad,2.228629587128631e-06,236824.12943240697,6.405473175347672e-07,821094.3125,831254.8125,171544.046875,0.16197314618610478,0.9677704957383496
neggrad_ft,4.582293547727444,0.6908056908862449,0.32301181542478724,2.4178216457366943,0.40608417987823486,0.3401797413825989,0.12842764655047592,0.2385787314993451
fisher,9.272141136887918e-08,5850814.249351654,2.705929459266892e-08,20256612.0,19878650.0,4060788.75,0.1457830597879084,0.6712866215405323
